what,kind,bundleId,bundleVersion,description,time
activated,view,org.eclipse.ui.navigator.resources,3.4.300.I20110421-1800,"org.eclipse.ui.navigator.ProjectExplorer",1335217509275
executed,command,org.eclipse.ui,3.7.0.I20110602-0100,"org.eclipse.ui.navigate.linkWithEditor",1335217509362
opened,editor,org.eclipse.jdt.ui,3.7.0.v20110531-1200,"org.eclipse.jdt.ui.CompilationUnitEditor",1335217515442
activated,editor,org.eclipse.jdt.ui,3.7.0.v20110531-1200,"org.eclipse.jdt.ui.CompilationUnitEditor",1335217515532
activated,editor,org.eclipse.jdt.ui,3.7.0.v20110531-1200,"org.eclipse.jdt.ui.CompilationUnitEditor",1335217521337
executed,command,org.eclipse.ui.workbench.texteditor,3.7.0.v20110505-0800,"org.eclipse.ui.edit.text.goto.textEnd",1335217548471
executed,command,org.eclipse.ui.workbench.texteditor,3.7.0.v20110505-0800,"org.eclipse.ui.edit.text.goto.lineEnd",1335217551121
executed,command,org.eclipse.ui,3.7.0.I20110602-0100,"org.eclipse.ui.edit.copy",1335217568349
executed,command,org.eclipse.ui.workbench.texteditor,3.7.0.v20110505-0800,"org.eclipse.ui.edit.text.goto.textEnd",1335217568462
executed,command,org.eclipse.ui.workbench.texteditor,3.7.0.v20110505-0800,"org.eclipse.ui.edit.text.goto.lineEnd",1335217569213
executed,command,org.eclipse.ui,3.7.0.I20110602-0100,"org.eclipse.ui.edit.paste",1335217570482
executed,command,org.eclipse.ui,3.7.0.I20110602-0100,"org.eclipse.ui.edit.delete",1335217572956
executed,command,org.eclipse.ui,3.7.0.I20110602-0100,"org.eclipse.ui.file.save",1335217581595
deactivated,workbench,org.eclipse.ui.workbench,3.7.0.I20110519-0100,"",1335217581823
activated,workbench,org.eclipse.ui.workbench,3.7.0.I20110519-0100,"",1335217597870
opened,editor,org.eclipse.jdt.ui,3.7.0.v20110531-1200,"org.eclipse.jdt.ui.ClassFileEditor",1335217604626
activated,editor,org.eclipse.jdt.ui,3.7.0.v20110531-1200,"org.eclipse.jdt.ui.ClassFileEditor",1335217604714
activated,editor,org.eclipse.jdt.ui,3.7.0.v20110531-1200,"org.eclipse.jdt.ui.CompilationUnitEditor",1335217614455
closed,editor,org.eclipse.jdt.ui,3.7.0.v20110531-1200,"org.eclipse.jdt.ui.ClassFileEditor",1335217614456
executed,command,org.eclipse.ui.workbench.texteditor,3.7.0.v20110505-0800,"org.eclipse.ui.edit.text.goto.lineEnd",1335217619232
executed,command,org.eclipse.ui.workbench.texteditor,3.7.0.v20110505-0800,"org.eclipse.ui.edit.text.goto.lineStart",1335217622243
executed,command,org.eclipse.ui,3.7.0.I20110602-0100,"org.eclipse.ui.file.save",1335217623656
executed,command,org.eclipse.jdt.ui,3.7.0.v20110531-1200,"org.eclipse.jdt.ui.edit.text.java.organize.imports",1335217625399
executed,command,org.eclipse.ui.workbench.texteditor,3.7.0.v20110505-0800,"org.eclipse.ui.edit.text.goto.wordNext",1335217634120
executed,command,org.eclipse.ui.workbench.texteditor,3.7.0.v20110505-0800,"org.eclipse.ui.edit.text.goto.wordNext",1335217634522
executed,command,org.eclipse.ui,3.7.0.I20110602-0100,"org.eclipse.ui.edit.delete",1335217634956
executed,command,org.eclipse.ui,3.7.0.I20110602-0100,"org.eclipse.ui.edit.delete",1335217635132
executed,command,org.eclipse.ui,3.7.0.I20110602-0100,"org.eclipse.ui.edit.delete",1335217635325
executed,command,org.eclipse.ui,3.7.0.I20110602-0100,"org.eclipse.ui.edit.delete",1335217635503
executed,command,org.eclipse.ui,3.7.0.I20110602-0100,"org.eclipse.ui.edit.delete",1335217635686
executed,command,org.eclipse.ui,3.7.0.I20110602-0100,"org.eclipse.ui.edit.delete",1335217635877
executed,command,org.eclipse.ui,3.7.0.I20110602-0100,"org.eclipse.ui.edit.delete",1335217636229
executed,command,org.eclipse.ui.workbench.texteditor,3.7.0.v20110505-0800,"org.eclipse.ui.edit.text.goto.lineStart",1335217643337
executed,command,org.eclipse.ui.workbench.texteditor,3.7.0.v20110505-0800,"org.eclipse.ui.edit.text.goto.lineStart",1335217643743
executed,command,org.eclipse.ui,3.7.0.I20110602-0100,"org.eclipse.ui.edit.copy",1335217645802
executed,command,org.eclipse.ui.workbench.texteditor,3.7.0.v20110505-0800,"org.eclipse.ui.edit.text.goto.lineStart",1335217649413
executed,command,org.eclipse.ui,3.7.0.I20110602-0100,"org.eclipse.ui.edit.paste",1335217649735
executed,command,org.eclipse.ui.workbench.texteditor,3.7.0.v20110505-0800,"org.eclipse.ui.edit.text.goto.lineStart",1335217652299
executed,command,org.eclipse.ui.workbench.texteditor,3.7.0.v20110505-0800,"org.eclipse.ui.edit.text.goto.lineStart",1335217652560
executed,command,org.eclipse.ui,3.7.0.I20110602-0100,"org.eclipse.ui.edit.copy",1335217659357
executed,command,org.eclipse.ui,3.7.0.I20110602-0100,"org.eclipse.ui.edit.paste",1335217660770
executed,command,org.eclipse.ui.workbench.texteditor,3.7.0.v20110505-0800,"org.eclipse.ui.edit.text.goto.lineEnd",1335217662602
executed,command,org.eclipse.ui,3.7.0.I20110602-0100,"org.eclipse.ui.edit.delete",1335217667388
started,bundle,org.eclipse.mylyn.ide.ui,3.6.0.v20110608-1400,"org.eclipse.mylyn.ide.ui",1335217672666
started,bundle,org.eclipse.jpt.jaxb.ui,1.1.0.v201105180000,"org.eclipse.jpt.jaxb.ui",1335217672704
started,bundle,org.eclipse.jpt.jpa.ui,3.0.0.v201105170000,"org.eclipse.jpt.jpa.ui",1335217672739
started,bundle,org.eclipse.jst.ws.jaxws.ui,1.0.100.v201104032053,"org.eclipse.jst.ws.jaxws.ui",1335217672813
started,bundle,org.eclipse.mylyn.java.ui,3.6.0.v20110608-1400,"org.eclipse.mylyn.java.ui",1335217672823
started,bundle,org.eclipse.pde.api.tools,1.0.300.v20110523-1600,"org.eclipse.pde.api.tools",1335217672873
started,bundle,org.eclipse.pde.api.tools.ui,1.0.300.v20110523-1600,"org.eclipse.pde.api.tools.ui",1335217672885
started,bundle,org.eclipse.jpt.jaxb.core,1.0.0.v201105240000,"org.eclipse.jpt.jaxb.core",1335217673178
executed,command,org.eclipse.ui,3.7.0.I20110602-0100,"org.eclipse.ui.edit.text.contentAssist.proposals",1335217675399
deactivated,workbench,org.eclipse.ui.workbench,3.7.0.I20110519-0100,"",1335217676432
activated,workbench,org.eclipse.ui.workbench,3.7.0.I20110519-0100,"",1335217685896
executed,command,org.eclipse.ui.workbench.texteditor,3.7.0.v20110505-0800,"org.eclipse.ui.edit.text.goto.wordPrevious",1335217687209
executed,command,org.eclipse.ui.workbench.texteditor,3.7.0.v20110505-0800,"org.eclipse.ui.edit.text.goto.wordPrevious",1335217687376
executed,command,org.eclipse.ui.workbench.texteditor,3.7.0.v20110505-0800,"org.eclipse.ui.edit.text.goto.wordPrevious",1335217687608
executed,command,org.eclipse.ui.workbench.texteditor,3.7.0.v20110505-0800,"org.eclipse.ui.edit.text.goto.wordPrevious",1335217687778
executed,command,org.eclipse.ui,3.7.0.I20110602-0100,"org.eclipse.ui.edit.paste",1335217689081
executed,command,org.eclipse.ui.workbench.texteditor,3.7.0.v20110505-0800,"org.eclipse.ui.edit.text.select.lineEnd",1335217689505
executed,command,org.eclipse.ui,3.7.0.I20110602-0100,"org.eclipse.ui.edit.copy",1335217694869
executed,command,org.eclipse.ui,3.7.0.I20110602-0100,"org.eclipse.ui.edit.paste",1335217695925
executed,command,org.eclipse.ui,3.7.0.I20110602-0100,"org.eclipse.ui.edit.delete",1335217702492
executed,command,org.eclipse.ui,3.7.0.I20110602-0100,"org.eclipse.ui.edit.delete",1335217710948
no handler,command,org.eclipse.ui.workbench.texteditor,3.7.0.v20110505-0800,"org.eclipse.ui.edit.text.goto.lineEnd",1335217712774
no handler,command,org.eclipse.ui.workbench.texteditor,3.7.0.v20110505-0800,"org.eclipse.ui.edit.text.goto.lineStart",1335217713134
no handler,command,org.eclipse.ui.workbench.texteditor,3.7.0.v20110505-0800,"org.eclipse.ui.edit.text.goto.lineStart",1335217713318
executed,command,org.eclipse.ui.workbench.texteditor,3.7.0.v20110505-0800,"org.eclipse.ui.edit.text.goto.lineEnd",1335217715913
executed,command,org.eclipse.ui.workbench.texteditor,3.7.0.v20110505-0800,"org.eclipse.ui.edit.text.goto.lineStart",1335217716401
executed,command,org.eclipse.ui.workbench.texteditor,3.7.0.v20110505-0800,"org.eclipse.ui.edit.text.goto.lineStart",1335217716625
executed,command,org.eclipse.ui,3.7.0.I20110602-0100,"org.eclipse.ui.edit.delete",1335217720468
executed,command,org.eclipse.ui.workbench.texteditor,3.7.0.v20110505-0800,"org.eclipse.ui.edit.text.goto.textStart",1335217738523
executed,command,org.eclipse.ui.workbench.texteditor,3.7.0.v20110505-0800,"org.eclipse.ui.edit.text.goto.textEnd",1335217744353
executed,command,org.eclipse.ui.workbench.texteditor,3.7.0.v20110505-0800,"org.eclipse.ui.edit.text.goto.textStart",1335217748756
executed,command,org.eclipse.ui.workbench.texteditor,3.7.0.v20110505-0800,"org.eclipse.ui.edit.text.goto.textEnd",1335217750037
executed,command,org.eclipse.ui,3.7.0.I20110602-0100,"org.eclipse.ui.edit.delete",1335217754688
executed,command,org.eclipse.ui,3.7.0.I20110602-0100,"org.eclipse.ui.edit.delete",1335217755189
executed,command,org.eclipse.ui,3.7.0.I20110602-0100,"org.eclipse.ui.edit.delete",1335217755221
executed,command,org.eclipse.ui,3.7.0.I20110602-0100,"org.eclipse.ui.edit.delete",1335217755255
executed,command,org.eclipse.ui,3.7.0.I20110602-0100,"org.eclipse.ui.edit.delete",1335217755288
executed,command,org.eclipse.ui,3.7.0.I20110602-0100,"org.eclipse.ui.edit.delete",1335217755320
executed,command,org.eclipse.ui,3.7.0.I20110602-0100,"org.eclipse.ui.edit.delete",1335217755353
executed,command,org.eclipse.ui,3.7.0.I20110602-0100,"org.eclipse.ui.edit.delete",1335217755388
executed,command,org.eclipse.ui,3.7.0.I20110602-0100,"org.eclipse.ui.edit.delete",1335217755784
executed,command,org.eclipse.ui.workbench.texteditor,3.7.0.v20110505-0800,"org.eclipse.ui.edit.text.goto.lineStart",1335217763049
executed,command,org.eclipse.ui,3.7.0.I20110602-0100,"org.eclipse.ui.edit.delete",1335217764009
executed,command,org.eclipse.ui,3.7.0.I20110602-0100,"org.eclipse.ui.file.save",1335217764827
executed,command,org.eclipse.ui.workbench.texteditor,3.7.0.v20110505-0800,"org.eclipse.ui.edit.text.goto.textStart",1335217781598
executed,command,org.eclipse.ui.workbench.texteditor,3.7.0.v20110505-0800,"org.eclipse.ui.edit.text.goto.textEnd",1335217784655
executed,command,org.eclipse.ui.workbench.texteditor,3.7.0.v20110505-0800,"org.eclipse.ui.edit.text.goto.lineEnd",1335217786177
executed,command,org.eclipse.ui.workbench.texteditor,3.7.0.v20110505-0800,"org.eclipse.ui.edit.text.goto.lineEnd",1335217797003
deactivated,workbench,org.eclipse.ui.workbench,3.7.0.I20110519-0100,"",1335217806386
activated,workbench,org.eclipse.ui.workbench,3.7.0.I20110519-0100,"",1335217812583
deactivated,workbench,org.eclipse.ui.workbench,3.7.0.I20110519-0100,"",1335217814472
activated,workbench,org.eclipse.ui.workbench,3.7.0.I20110519-0100,"",1335217850482
deactivated,workbench,org.eclipse.ui.workbench,3.7.0.I20110519-0100,"",1335217874569
activated,workbench,org.eclipse.ui.workbench,3.7.0.I20110519-0100,"",1335217877485
executed,command,org.eclipse.ui,3.7.0.I20110602-0100,"org.eclipse.ui.edit.paste",1335217878741
executed,command,org.eclipse.ui.workbench.texteditor,3.7.0.v20110505-0800,"org.eclipse.ui.edit.text.goto.lineEnd",1335217891711
deactivated,workbench,org.eclipse.ui.workbench,3.7.0.I20110519-0100,"",1335217894643
activated,workbench,org.eclipse.ui.workbench,3.7.0.I20110519-0100,"",1335217895756
executed,command,org.eclipse.jdt.ui,3.7.0.v20110531-1200,"org.eclipse.jdt.ui.edit.text.java.organize.imports",1335217897514
executed,command,org.eclipse.ui.workbench.texteditor,3.7.0.v20110505-0800,"org.eclipse.ui.edit.text.goto.lineStart",1335217903510
executed,command,org.eclipse.ui.workbench.texteditor,3.7.0.v20110505-0800,"org.eclipse.ui.edit.text.goto.lineStart",1335217903736
executed,command,org.eclipse.jdt.ui,3.7.0.v20110531-1200,"org.eclipse.jdt.ui.edit.text.java.surround.with.try.catch",1335217909149
executed,command,org.eclipse.ui.workbench.texteditor,3.7.0.v20110505-0800,"org.eclipse.ui.edit.text.goto.lineEnd",1335217914320
executed,command,org.eclipse.ui.workbench.texteditor,3.7.0.v20110505-0800,"org.eclipse.ui.edit.text.goto.lineEnd",1335217930019
executed,command,org.eclipse.ui.workbench.texteditor,3.7.0.v20110505-0800,"org.eclipse.ui.edit.text.select.lineEnd",1335217946820
executed,command,org.eclipse.ui,3.7.0.I20110602-0100,"org.eclipse.ui.edit.copy",1335217948262
executed,command,org.eclipse.ui,3.7.0.I20110602-0100,"org.eclipse.ui.edit.paste",1335217949249
executed,command,org.eclipse.ui.workbench.texteditor,3.7.0.v20110505-0800,"org.eclipse.ui.edit.text.goto.lineEnd",1335217955346
executed,command,org.eclipse.ui.workbench.texteditor,3.7.0.v20110505-0800,"org.eclipse.ui.edit.text.goto.lineEnd",1335217955845
executed,command,org.eclipse.jdt.ui,3.7.0.v20110531-1200,"org.eclipse.jdt.ui.edit.text.java.organize.imports",1335217959890
executed,command,org.eclipse.ui.workbench.texteditor,3.7.0.v20110505-0800,"org.eclipse.ui.edit.text.goto.lineEnd",1335217965344
executed,command,org.eclipse.ui,3.7.0.I20110602-0100,"org.eclipse.ui.edit.text.contentAssist.proposals",1335217971777
deactivated,workbench,org.eclipse.ui.workbench,3.7.0.I20110519-0100,"",1335217978596
activated,workbench,org.eclipse.ui.workbench,3.7.0.I20110519-0100,"",1335217986987
executed,command,org.eclipse.ui,3.7.0.I20110602-0100,"org.eclipse.ui.edit.text.contentAssist.proposals",1335217990378
executed,command,org.eclipse.ui.workbench.texteditor,3.7.0.v20110505-0800,"org.eclipse.ui.edit.text.goto.lineEnd",1335217998539
deactivated,workbench,org.eclipse.ui.workbench,3.7.0.I20110519-0100,"",1335218005165
activated,workbench,org.eclipse.ui.workbench,3.7.0.I20110519-0100,"",1335218030487
executed,command,org.eclipse.ui.workbench.texteditor,3.7.0.v20110505-0800,"org.eclipse.ui.edit.text.goto.lineEnd",1335218031862
executed,command,org.eclipse.ui.workbench.texteditor,3.7.0.v20110505-0800,"org.eclipse.ui.edit.text.goto.lineStart",1335218041137
executed,command,org.eclipse.ui.workbench.texteditor,3.7.0.v20110505-0800,"org.eclipse.ui.edit.text.goto.lineStart",1335218041322
executed,command,org.eclipse.ui.workbench.texteditor,3.7.0.v20110505-0800,"org.eclipse.ui.edit.text.goto.lineEnd",1335218042971
executed,command,org.eclipse.ui.workbench.texteditor,3.7.0.v20110505-0800,"org.eclipse.ui.edit.text.goto.lineStart",1335218047118
executed,command,org.eclipse.ui,3.7.0.I20110602-0100,"org.eclipse.ui.edit.delete",1335218048153
deactivated,workbench,org.eclipse.ui.workbench,3.7.0.I20110519-0100,"",1335218049560
activated,workbench,org.eclipse.ui.workbench,3.7.0.I20110519-0100,"",1335218062811
executed,command,org.eclipse.ui,3.7.0.I20110602-0100,"org.eclipse.ui.edit.delete",1335218068884
deactivated,workbench,org.eclipse.ui.workbench,3.7.0.I20110519-0100,"",1335218070058
activated,workbench,org.eclipse.ui.workbench,3.7.0.I20110519-0100,"",1335218085345
executed,command,org.eclipse.ui,3.7.0.I20110602-0100,"org.eclipse.ui.edit.delete",1335218088971
executed,command,org.eclipse.ui,3.7.0.I20110602-0100,"org.eclipse.ui.edit.delete",1335218089178
executed,command,org.eclipse.ui,3.7.0.I20110602-0100,"org.eclipse.ui.edit.delete",1335218089354
executed,command,org.eclipse.ui,3.7.0.I20110602-0100,"org.eclipse.ui.edit.delete",1335218089532
executed,command,org.eclipse.ui,3.7.0.I20110602-0100,"org.eclipse.ui.edit.delete",1335218089739
executed,command,org.eclipse.ui,3.7.0.I20110602-0100,"org.eclipse.ui.edit.delete",1335218090756
executed,command,org.eclipse.ui,3.7.0.I20110602-0100,"org.eclipse.ui.edit.delete",1335218090923
executed,command,org.eclipse.ui,3.7.0.I20110602-0100,"org.eclipse.ui.edit.delete",1335218091099
executed,command,org.eclipse.ui,3.7.0.I20110602-0100,"org.eclipse.ui.edit.delete",1335218091275
executed,command,org.eclipse.ui,3.7.0.I20110602-0100,"org.eclipse.ui.edit.delete",1335218091451
executed,command,org.eclipse.ui,3.7.0.I20110602-0100,"org.eclipse.ui.edit.delete",1335218091643
deactivated,workbench,org.eclipse.ui.workbench,3.7.0.I20110519-0100,"",1335218092109
activated,workbench,org.eclipse.ui.workbench,3.7.0.I20110519-0100,"",1335218097922
executed,command,org.eclipse.ui,3.7.0.I20110602-0100,"org.eclipse.ui.file.save",1335218102403
activated,view,org.eclipse.ui.navigator.resources,3.4.300.I20110421-1800,"org.eclipse.ui.navigator.ProjectExplorer",1335218106701
started,bundle,org.maven.ide.eclipse.editor,0.12.1.20110112-1712,"org.maven.ide.eclipse.editor",1335218106890
started,bundle,org.maven.ide.eclipse.refactoring,0.12.1.20110112-1712,"org.maven.ide.eclipse.refactoring",1335218106902
executed,command,org.eclipse.jdt.debug.ui,3.6.0.v20110512,"org.eclipse.jdt.debug.ui.localJavaShortcut.run",1335218109592
started,bundle,org.maven.ide.eclipse.launching,0.12.1.20110112-1712,"org.maven.ide.eclipse.launching",1335218109792
opened,view,org.eclipse.ui.console,3.5.100.v20110511,"org.eclipse.ui.console.ConsoleView",1335218110110
deactivated,workbench,org.eclipse.ui.workbench,3.7.0.I20110519-0100,"",1335218125287
activated,workbench,org.eclipse.ui.workbench,3.7.0.I20110519-0100,"",1335218140755
deactivated,workbench,org.eclipse.ui.workbench,3.7.0.I20110519-0100,"",1335218154804
activated,workbench,org.eclipse.ui.workbench,3.7.0.I20110519-0100,"",1335218161058
activated,editor,org.eclipse.jdt.ui,3.7.0.v20110531-1200,"org.eclipse.jdt.ui.CompilationUnitEditor",1335218161078
started,bundle,org.eclipse.mylyn.resources.ui,3.6.0.v20110608-1400,"org.eclipse.mylyn.resources.ui",1335218161277
executed,command,org.eclipse.ui,3.7.0.I20110602-0100,"org.eclipse.ui.edit.delete",1335218161495
executed,command,org.eclipse.ui,3.7.0.I20110602-0100,"org.eclipse.ui.edit.delete",1335218161659
executed,command,org.eclipse.ui,3.7.0.I20110602-0100,"org.eclipse.ui.edit.delete",1335218161844
deactivated,workbench,org.eclipse.ui.workbench,3.7.0.I20110519-0100,"",1335218163587
activated,workbench,org.eclipse.ui.workbench,3.7.0.I20110519-0100,"",1335218164466
executed,command,org.eclipse.ui,3.7.0.I20110602-0100,"org.eclipse.ui.file.save",1335218165262
activated,view,org.eclipse.ui.navigator.resources,3.4.300.I20110421-1800,"org.eclipse.ui.navigator.ProjectExplorer",1335218167172
executed,command,org.eclipse.jdt.debug.ui,3.6.0.v20110512,"org.eclipse.jdt.debug.ui.localJavaShortcut.run",1335218169368
deactivated,workbench,org.eclipse.ui.workbench,3.7.0.I20110519-0100,"",1335218171304
activated,workbench,org.eclipse.ui.workbench,3.7.0.I20110519-0100,"",1335218192908
activated,editor,org.eclipse.jdt.ui,3.7.0.v20110531-1200,"org.eclipse.jdt.ui.CompilationUnitEditor",1335218192930
executed,command,org.eclipse.ui,3.7.0.I20110602-0100,"org.eclipse.ui.edit.delete",1335218198069
executed,command,org.eclipse.ui,3.7.0.I20110602-0100,"org.eclipse.ui.file.save",1335218199060
activated,view,org.eclipse.ui.navigator.resources,3.4.300.I20110421-1800,"org.eclipse.ui.navigator.ProjectExplorer",1335218201243
executed,command,org.eclipse.jdt.debug.ui,3.6.0.v20110512,"org.eclipse.jdt.debug.ui.localJavaShortcut.run",1335218203802
deactivated,workbench,org.eclipse.ui.workbench,3.7.0.I20110519-0100,"",1335218204838
activated,workbench,org.eclipse.ui.workbench,3.7.0.I20110519-0100,"",1335218215994
activated,editor,org.eclipse.jdt.ui,3.7.0.v20110531-1200,"org.eclipse.jdt.ui.CompilationUnitEditor",1335218216017
executed,command,org.eclipse.ui,3.7.0.I20110602-0100,"org.eclipse.ui.edit.delete",1335218219067
executed,command,org.eclipse.ui,3.7.0.I20110602-0100,"org.eclipse.ui.file.save",1335218219726
activated,view,org.eclipse.ui.navigator.resources,3.4.300.I20110421-1800,"org.eclipse.ui.navigator.ProjectExplorer",1335218221534
executed,command,org.eclipse.jdt.debug.ui,3.6.0.v20110512,"org.eclipse.jdt.debug.ui.localJavaShortcut.run",1335218223960
deactivated,workbench,org.eclipse.ui.workbench,3.7.0.I20110519-0100,"",1335218225231
activated,workbench,org.eclipse.ui.workbench,3.7.0.I20110519-0100,"",1335218267838
deactivated,workbench,org.eclipse.ui.workbench,3.7.0.I20110519-0100,"",1335218270179
activated,workbench,org.eclipse.ui.workbench,3.7.0.I20110519-0100,"",1335218359845
deactivated,workbench,org.eclipse.ui.workbench,3.7.0.I20110519-0100,"",1335218360583
activated,workbench,org.eclipse.ui.workbench,3.7.0.I20110519-0100,"",1335218366691
activated,editor,org.eclipse.jdt.ui,3.7.0.v20110531-1200,"org.eclipse.jdt.ui.CompilationUnitEditor",1335218366714
executed,command,org.eclipse.ui.workbench.texteditor,3.7.0.v20110505-0800,"org.eclipse.ui.edit.text.goto.textEnd",1335218367000
executed,command,org.eclipse.ui,3.7.0.I20110602-0100,"org.eclipse.ui.edit.paste",1335218369660
executed,command,org.eclipse.ui.workbench.texteditor,3.7.0.v20110505-0800,"org.eclipse.ui.edit.text.goto.lineStart",1335218370732
executed,command,org.eclipse.ui.workbench.texteditor,3.7.0.v20110505-0800,"org.eclipse.ui.edit.text.goto.lineStart",1335218371370
executed,command,org.eclipse.ui.workbench.texteditor,3.7.0.v20110505-0800,"org.eclipse.ui.edit.text.select.lineEnd",1335218371792
executed,command,org.eclipse.ui,3.7.0.I20110602-0100,"org.eclipse.ui.edit.delete",1335218372129
executed,command,org.eclipse.ui,3.7.0.I20110602-0100,"org.eclipse.ui.edit.text.contentAssist.proposals",1335218396872
executed,command,org.eclipse.ui,3.7.0.I20110602-0100,"org.eclipse.ui.edit.text.contentAssist.proposals",1335218398809
deactivated,workbench,org.eclipse.ui.workbench,3.7.0.I20110519-0100,"",1335218402596
activated,workbench,org.eclipse.ui.workbench,3.7.0.I20110519-0100,"",1335218404754
executed,command,org.eclipse.ui.workbench.texteditor,3.7.0.v20110505-0800,"org.eclipse.ui.edit.text.goto.lineStart",1335218405443
executed,command,org.eclipse.ui.workbench.texteditor,3.7.0.v20110505-0800,"org.eclipse.ui.edit.text.goto.lineStart",1335218405635
executed,command,org.eclipse.ui,3.7.0.I20110602-0100,"org.eclipse.ui.edit.delete",1335218406363
executed,command,org.eclipse.ui,3.7.0.I20110602-0100,"org.eclipse.ui.edit.text.contentAssist.proposals",1335218425700
executed,command,org.eclipse.ui.workbench.texteditor,3.7.0.v20110505-0800,"org.eclipse.ui.edit.text.goto.lineStart",1335218443875
executed,command,org.eclipse.ui.workbench.texteditor,3.7.0.v20110505-0800,"org.eclipse.ui.edit.text.goto.lineStart",1335218444068
executed,command,org.eclipse.ui,3.7.0.I20110602-0100,"org.eclipse.ui.edit.delete",1335218445150
executed,command,org.eclipse.ui.workbench.texteditor,3.7.0.v20110505-0800,"org.eclipse.ui.edit.text.goto.lineStart",1335218455809
executed,command,org.eclipse.ui.workbench.texteditor,3.7.0.v20110505-0800,"org.eclipse.ui.edit.text.goto.lineStart",1335218456018
executed,command,org.eclipse.ui,3.7.0.I20110602-0100,"org.eclipse.ui.edit.cut",1335218458474
executed,command,org.eclipse.ui,3.7.0.I20110602-0100,"org.eclipse.ui.edit.paste",1335218460179
deactivated,workbench,org.eclipse.ui.workbench,3.7.0.I20110519-0100,"",1335218464948
activated,workbench,org.eclipse.ui.workbench,3.7.0.I20110519-0100,"",1335218544460
executed,command,org.eclipse.ui,3.7.0.I20110602-0100,"org.eclipse.ui.window.preferences",1335218544771
executed,command,org.eclipse.jdt.ui,3.7.0.v20110531-1200,"org.eclipse.jdt.ui.edit.text.java.format",1335218545721
executed,command,org.eclipse.jdt.ui,3.7.0.v20110531-1200,"org.eclipse.jdt.ui.edit.text.java.organize.imports",1335218548256
executed,command,org.eclipse.jdt.ui,3.7.0.v20110531-1200,"org.eclipse.jdt.ui.edit.text.java.format",1335218549853
deactivated,workbench,org.eclipse.ui.workbench,3.7.0.I20110519-0100,"",1335218554534
activated,workbench,org.eclipse.ui.workbench,3.7.0.I20110519-0100,"",1335218565873
executed,command,org.eclipse.ui,3.7.0.I20110602-0100,"org.eclipse.ui.window.preferences",1335218565978
executed,command,org.eclipse.jdt.ui,3.7.0.v20110531-1200,"org.eclipse.jdt.ui.edit.text.java.format",1335218566700
executed,command,org.eclipse.ui,3.7.0.I20110602-0100,"org.eclipse.ui.file.save",1335218582642
executed,command,org.eclipse.ui.workbench.texteditor,3.7.0.v20110505-0800,"org.eclipse.ui.edit.text.goto.lineStart",1335218607812
executed,command,org.eclipse.ui.workbench.texteditor,3.7.0.v20110505-0800,"org.eclipse.ui.edit.text.goto.lineStart",1335218608235
executed,command,org.eclipse.ui,3.7.0.I20110602-0100,"org.eclipse.ui.edit.copy",1335218610814
executed,command,org.eclipse.ui,3.7.0.I20110602-0100,"org.eclipse.ui.edit.paste",1335218611262
executed,command,org.eclipse.ui,3.7.0.I20110602-0100,"org.eclipse.ui.edit.delete",1335218621912
executed,command,org.eclipse.ui,3.7.0.I20110602-0100,"org.eclipse.ui.edit.delete",1335218622410
executed,command,org.eclipse.ui,3.7.0.I20110602-0100,"org.eclipse.ui.edit.delete",1335218622443
executed,command,org.eclipse.ui,3.7.0.I20110602-0100,"org.eclipse.ui.edit.delete",1335218622476
executed,command,org.eclipse.ui,3.7.0.I20110602-0100,"org.eclipse.ui.edit.delete",1335218622508
executed,command,org.eclipse.ui,3.7.0.I20110602-0100,"org.eclipse.ui.edit.delete",1335218622541
executed,command,org.eclipse.ui,3.7.0.I20110602-0100,"org.eclipse.ui.edit.delete",1335218622574
executed,command,org.eclipse.ui,3.7.0.I20110602-0100,"org.eclipse.ui.edit.delete",1335218622609
executed,command,org.eclipse.ui,3.7.0.I20110602-0100,"org.eclipse.ui.edit.delete",1335218622642
executed,command,org.eclipse.ui,3.7.0.I20110602-0100,"org.eclipse.ui.edit.delete",1335218622676
executed,command,org.eclipse.ui,3.7.0.I20110602-0100,"org.eclipse.ui.edit.delete",1335218622708
executed,command,org.eclipse.ui,3.7.0.I20110602-0100,"org.eclipse.ui.edit.delete",1335218622741
executed,command,org.eclipse.ui,3.7.0.I20110602-0100,"org.eclipse.ui.edit.delete",1335218622772
executed,command,org.eclipse.ui,3.7.0.I20110602-0100,"org.eclipse.ui.edit.delete",1335218622806
executed,command,org.eclipse.ui,3.7.0.I20110602-0100,"org.eclipse.ui.edit.delete",1335218622974
executed,command,org.eclipse.ui,3.7.0.I20110602-0100,"org.eclipse.ui.edit.delete",1335218623192
executed,command,org.eclipse.ui,3.7.0.I20110602-0100,"org.eclipse.ui.edit.delete",1335218623359
executed,command,org.eclipse.ui.workbench.texteditor,3.7.0.v20110505-0800,"org.eclipse.ui.edit.text.goto.lineEnd",1335218629407
executed,command,org.eclipse.ui,3.7.0.I20110602-0100,"org.eclipse.ui.edit.cut",1335218660483
executed,command,org.eclipse.ui,3.7.0.I20110602-0100,"org.eclipse.ui.edit.paste",1335218661153
executed,command,org.eclipse.ui.workbench.texteditor,3.7.0.v20110505-0800,"org.eclipse.ui.edit.text.goto.lineStart",1335218663358
executed,command,org.eclipse.ui.workbench.texteditor,3.7.0.v20110505-0800,"org.eclipse.ui.edit.text.goto.lineStart",1335218663549
executed,command,org.eclipse.ui,3.7.0.I20110602-0100,"org.eclipse.ui.edit.delete",1335218664859
executed,command,org.eclipse.ui.workbench.texteditor,3.7.0.v20110505-0800,"org.eclipse.ui.edit.text.goto.lineStart",1335218672558
executed,command,org.eclipse.ui.workbench.texteditor,3.7.0.v20110505-0800,"org.eclipse.ui.edit.text.goto.lineStart",1335218672886
executed,command,org.eclipse.ui,3.7.0.I20110602-0100,"org.eclipse.ui.edit.delete",1335218676836
executed,command,org.eclipse.ui,3.7.0.I20110602-0100,"org.eclipse.ui.edit.delete",1335218687436
